{"cameraMode":{"drawMode":0,"name":"Shaded","section":"Shading Mode"},"sceneLighting":true,"audioPlay":false,"sceneViewState":{"showFog":true,"showMaterialUpdate":false,"showSkybox":true,"showFlares":true,"showImageEffects":true,"showParticleSystems":true},"in2DMode":false,"pivot":{"x":49.80440902709961,"y":6.336058139801025,"z":78.13945007324219},"rotation":{"x":0.010137266479432583,"y":-0.9483331441879273,"z":0.31564825773239138,"w":0.030457500368356706},"size":0.15232545137405396,"orthographic":false}