{"cameraMode":{"drawMode":0,"name":"Shaded","section":"Shading Mode"},"sceneLighting":true,"audioPlay":false,"sceneViewState":{"showFog":true,"showMaterialUpdate":false,"showSkybox":true,"showFlares":true,"showImageEffects":true,"showParticleSystems":true},"in2DMode":false,"pivot":{"x":59.154727935791019,"y":375.2004699707031,"z":367.41845703125},"rotation":{"x":-0.047434769570827487,"y":0.9095693826675415,"z":-0.3983761966228485,"w":-0.10830456763505936},"size":0.055320024490356448,"orthographic":false}