{"cameraMode":{"drawMode":0,"name":"Shaded","section":"Shading Mode"},"sceneLighting":true,"audioPlay":false,"sceneViewState":{"showFog":true,"showMaterialUpdate":false,"showSkybox":true,"showFlares":true,"showImageEffects":true,"showParticleSystems":true},"in2DMode":false,"pivot":{"x":17.847515106201173,"y":17.926570892333986,"z":26.005598068237306},"rotation":{"x":0.2426605224609375,"y":0.42168837785720827,"z":-0.11820980906486511,"w":0.865633487701416},"size":0.15232545137405396,"orthographic":false}